<?xml version="1.0" encoding="UTF-8"?>
<!DOCTYPE mapper PUBLIC "-//mybatis.org//DTD Mapper 3.0//EN" "http://mybatis.org/dtd/mybatis-3-mapper.dtd">

<mapper namespace="com.example.my.module.user.repository.UserRepository">

    <sql id="fullColumn">
        idx,
        id,
        pw,
        delete_yn,
        create_date,
        update_date,
        delete_date
    </sql>

    <select id="findById" resultType="com.example.my.module.user.entity.UserEntity">
        SELECT <include refid="fullColumn"/>
        FROM `USER`
        WHERE id = #{id}
    </select>

    <select id="findByIdAndDeleteYn" resultType="com.example.my.module.user.entity.UserEntity">
        SELECT <include refid="fullColumn"/>
        FROM `USER`
        WHERE id = #{id}
            AND delete_yn = #{deleteYn}
    </select>

    <insert id="insert">
        INSERT INTO `USER` (
            id,
            pw,
            delete_yn,
            create_date
        )
        VALUES (
            #{id},
            #{pw},
            #{deleteYn},
            #{createDate}
        )
    </insert>

</mapper>